id,company,company_tier,title,department,skills_required,capacity,location,work_mode,reserved_for,duration_months,stipend,description,requirements,application_deadline,internship_start_date,min_gpa,preferred_year,application_count,is_active,created_at
INT00001,Infosys,Tier 1 - Indian IT,Full Stack Developer Intern,Programming,"powerpoint, vue.js, java, c++, c#, django",9,Jaipur,Hybrid,none,3,25976,Exciting Full Stack Developer Intern opportunity at Infosys working on programming projects.,"Strong skills in powerpoint, vue.js, java required.",2025-10-14,2025-11-29,7.2,4th Year,179,True,2025-08-08T01:29:29.341037
INT00002,Axis Bank,Tier 2 - Finance,ML Engineer Intern,Data Science,"powerpoint, pytorch, scikit-learn, redis, docker, machine learning",4,Kolkata,On-site,rural,6,74110,Exciting ML Engineer Intern opportunity at Axis Bank working on data_science projects.,"Strong skills in powerpoint, pytorch, scikit-learn required.",2025-10-07,2025-11-20,6.2,Final Year,164,True,2025-08-04T01:29:29.341037
INT00003,BYJU'S,Tier 2 - Startups,React Developer Intern,Web Development,"machine learning, jenkins, ruby, react, angular, django, express.js, oracle",3,Hyderabad,On-site,none,3,78336,Exciting React Developer Intern opportunity at BYJU'S working on web_development projects.,"Strong skills in machine learning, jenkins, ruby required.",2025-10-19,2025-11-20,7.7,Any,176,True,2025-08-25T01:29:29.341037
INT00004,EY,Tier 3 - Consulting,Software Engineer Intern,Programming,"swift, java, r, ruby, react, go, wireframing",6,Noida,Hybrid,none,6,70294,Exciting Software Engineer Intern opportunity at EY working on programming projects.,"Strong skills in swift, java, r required.",2025-10-18,2026-01-13,7.4,4th Year,183,True,2025-08-22T01:29:29.341037
INT00005,Apple,Tier 1 - Tech Giants,Software Engineer Intern,Programming,"mysql, numpy, rust, javascript, go",8,Bangalore,Remote,none,6,145435,Exciting Software Engineer Intern opportunity at Apple working on programming projects.,"Strong skills in mysql, numpy, rust required.",2025-11-11,2025-12-14,6.5,4th Year,167,True,2025-08-07T01:29:29.342038
INT00006,BYJU'S,Tier 2 - Startups,Deep Learning Intern,Ai Ml,"vue.js, figma, reinforcement learning, computer vision, natural language processing, ui/ux design",3,Noida,Hybrid,none,3,42185,Exciting Deep Learning Intern opportunity at BYJU'S working on ai_ml projects.,"Strong skills in vue.js, figma, reinforcement learning required.",2025-11-10,2025-11-25,6.8,3rd Year,176,True,2025-08-18T01:29:29.342038
INT00007,HDFC Bank,Tier 2 - Finance,InfoSec Intern,Cybersecurity,"firewall, cryptography, wireframing, network security, google cloud",7,Ahmedabad,On-site,reserved,6,67310,Exciting InfoSec Intern opportunity at HDFC Bank working on cybersecurity projects.,"Strong skills in firewall, cryptography, wireframing required.",2025-10-28,2025-11-25,6.0,Final Year,143,True,2025-08-10T01:29:29.342038
INT00008,Cognizant,Tier 1 - Indian IT,Full Stack Developer Intern,Programming,"java, python, c++, sketch, c#, flutter, postgresql",16,Chennai,On-site,none,3,25638,Exciting Full Stack Developer Intern opportunity at Cognizant working on programming projects.,"Strong skills in java, python, c++ required.",2025-10-24,2026-01-10,6.5,4th Year,174,True,2025-08-06T01:29:29.342038
INT00009,Netflix,Tier 1 - Tech Giants,Deep Learning Intern,Ai Ml,"swift, reinforcement learning, neural networks, natural language processing, cryptography, azure",11,Gurgaon,On-site,none,12,107760,Exciting Deep Learning Intern opportunity at Netflix working on ai_ml projects.,"Strong skills in swift, reinforcement learning, neural networks required.",2025-11-14,2025-11-27,6.6,Final Year,171,True,2025-08-14T01:29:29.342038
INT00010,PwC,Tier 3 - Consulting,Business Analyst Intern,Business,"project management, scikit-learn, business analysis, excel, tensorflow",4,Hyderabad,On-site,none,12,44652,Exciting Business Analyst Intern opportunity at PwC working on business projects.,"Strong skills in project management, scikit-learn, business analysis required.",2025-11-10,2025-11-18,6.1,3rd Year,178,True,2025-08-21T01:29:29.342038
INT00011,Meta,Tier 1 - Tech Giants,Backend Developer Intern,Programming,"project management, r, c++, c#, php, cryptography",8,Pune,On-site,none,3,92363,Exciting Backend Developer Intern opportunity at Meta working on programming projects.,"Strong skills in project management, r, c++ required.",2025-11-12,2025-12-12,6.8,Any,143,True,2025-09-08T01:29:29.342038
INT00012,TCS,Tier 1 - Indian IT,Backend Developer Intern,Programming,"java, machine learning, php, sap, go, wireframing",11,Hyderabad,On-site,none,3,38824,Exciting Backend Developer Intern opportunity at TCS working on programming projects.,"Strong skills in java, machine learning, php required.",2025-10-18,2025-12-14,7.7,3rd Year,156,True,2025-08-14T01:29:29.342038
INT00013,TCS,Tier 1 - Indian IT,Full Stack Developer Intern,Programming,"swift, project management, python, ruby, firewall, php",16,Kolkata,Remote,none,6,32004,Exciting Full Stack Developer Intern opportunity at TCS working on programming projects.,"Strong skills in swift, project management, python required.",2025-10-04,2025-11-25,6.0,Any,156,True,2025-08-26T01:29:29.343036
INT00014,EY,Tier 3 - Consulting,Backend Developer Intern,Programming,"java, numpy, jenkins, ruby, php",4,Surat,On-site,none,6,89019,Exciting Backend Developer Intern opportunity at EY working on programming projects.,"Strong skills in java, numpy, jenkins required.",2025-10-04,2025-11-18,7.0,4th Year,183,True,2025-09-08T01:29:29.343036
INT00015,McKinsey,Tier 3 - Consulting,Business Analyst Intern,Business,"tableau, r, business analysis, sap, spring boot",4,Surat,On-site,none,3,80591,Exciting Business Analyst Intern opportunity at McKinsey working on business projects.,"Strong skills in tableau, r, business analysis required.",2025-10-27,2025-12-27,7.1,Final Year,166,True,2025-08-26T01:29:29.343036
INT00016,Paytm,Tier 2 - Startups,Data Science Intern,Data Science,"java, mysql, numpy, scikit-learn, deep learning, react, network security",10,Jaipur,On-site,none,12,75708,Exciting Data Science Intern opportunity at Paytm working on data_science projects.,"Strong skills in java, mysql, numpy required.",2025-10-07,2025-11-19,6.4,Final Year,172,True,2025-09-03T01:29:29.343036
INT00017,JP Morgan,Tier 2 - Finance,Software Engineer Intern,Programming,"java, android, sketch, c#, django, terraform, go",6,Chennai,Hybrid,none,3,67564,Exciting Software Engineer Intern opportunity at JP Morgan working on programming projects.,"Strong skills in java, android, sketch required.",2025-11-05,2025-11-24,6.6,4th Year,172,True,2025-08-21T01:29:29.343036
INT00018,Paytm,Tier 2 - Startups,Data Analyst Intern,Data Science,"powerpoint, r, pandas, docker, machine learning",3,Chennai,Hybrid,female,6,35232,Exciting Data Analyst Intern opportunity at Paytm working on data_science projects.,"Strong skills in powerpoint, r, pandas required.",2025-10-09,2025-12-25,6.3,Any,172,True,2025-08-07T01:29:29.343036
INT00019,Deloitte,Tier 3 - Consulting,Business Analyst Intern,Business,"project management, business analysis, ios, natural language processing, power bi",10,Mumbai,On-site,none,3,48352,Exciting Business Analyst Intern opportunity at Deloitte working on business projects.,"Strong skills in project management, business analysis, ios required.",2025-10-20,2025-12-08,7.8,4th Year,168,True,2025-08-27T01:29:29.343036
INT00020,TCS,Tier 1 - Indian IT,Full Stack Developer Intern,Database,"elasticsearch, pytorch, kotlin, redis, flutter, oracle",15,Kolkata,On-site,none,3,25812,Exciting Full Stack Developer Intern opportunity at TCS working on database projects.,"Strong skills in elasticsearch, pytorch, kotlin required.",2025-10-22,2026-01-04,7.6,4th Year,156,True,2025-08-25T01:29:29.344036
INT00021,Tech Mahindra,Tier 1 - Indian IT,Backend Developer Intern,Programming,"elasticsearch, java, python, php, ansible, network security",12,Kolkata,On-site,none,3,32304,Exciting Backend Developer Intern opportunity at Tech Mahindra working on programming projects.,"Strong skills in elasticsearch, java, python required.",2025-11-12,2025-11-27,6.7,3rd Year,171,True,2025-08-25T01:29:29.344036
INT00022,JP Morgan,Tier 2 - Finance,InfoSec Intern,Cybersecurity,"firewall, kotlin, cryptography, azure, network security",6,Pune,Hybrid,none,3,62507,Exciting InfoSec Intern opportunity at JP Morgan working on cybersecurity projects.,"Strong skills in firewall, kotlin, cryptography required.",2025-11-08,2025-12-12,7.5,Final Year,172,True,2025-08-15T01:29:29.344036
INT00023,McKinsey,Tier 3 - Consulting,Product Management Intern,Business,"excel, python, tableau, project management",7,Noida,Remote,none,6,63869,Exciting Product Management Intern opportunity at McKinsey working on business projects.,"Strong skills in excel, python, tableau required.",2025-10-05,2026-01-14,7.8,Final Year,166,True,2025-09-04T01:29:29.344036
INT00024,Ola,Tier 2 - Startups,Data Analyst Intern,Data Science,"numpy, machine learning, pytorch, computer vision, pandas, excel, express.js",5,Jaipur,On-site,none,12,75338,Exciting Data Analyst Intern opportunity at Ola working on data_science projects.,"Strong skills in numpy, machine learning, pytorch required.",2025-10-20,2025-12-10,7.7,Final Year,176,True,2025-08-24T01:29:29.344036
INT00025,Paytm,Tier 2 - Startups,Deep Learning Intern,Ai Ml,"swift, figma, numpy, reinforcement learning, computer vision, neural networks, cryptography, angular",7,Pune,On-site,none,12,68780,Exciting Deep Learning Intern opportunity at Paytm working on ai_ml projects.,"Strong skills in swift, figma, numpy required.",2025-11-10,2025-12-24,6.2,4th Year,172,True,2025-08-23T01:29:29.344036
INT00026,Zomato,Tier 2 - Startups,Mobile App Developer Intern,Mobile Development,"xamarin, android, ios, neural networks, react, excel, machine learning, network security",10,Gurgaon,Remote,female,3,61191,Exciting Mobile App Developer Intern opportunity at Zomato working on mobile_development projects.,"Strong skills in xamarin, android, ios required.",2025-10-10,2025-12-26,6.0,3rd Year,172,True,2025-08-15T01:29:29.344036
INT00027,Zomato,Tier 2 - Startups,iOS Developer Intern,Mobile Development,"swift, android, flutter, spring boot, network security",10,Pune,Hybrid,female,12,78750,Exciting iOS Developer Intern opportunity at Zomato working on mobile_development projects.,"Strong skills in swift, android, flutter required.",2025-11-05,2025-12-23,7.9,Any,172,True,2025-08-03T01:29:29.344036
INT00028,McKinsey,Tier 3 - Consulting,Graphic Designer Intern,Design,"r, adobe illustrator, firewall, docker, photoshop, azure, wireframing",7,Chennai,Hybrid,none,6,57996,Exciting Graphic Designer Intern opportunity at McKinsey working on design projects.,"Strong skills in r, adobe illustrator, firewall required.",2025-10-05,2025-12-30,6.5,Final Year,166,True,2025-08-22T01:29:29.345037
INT00029,Netflix,Tier 1 - Tech Giants,Software Engineer Intern,Programming,"numpy, ruby, c++, rust, excel, go",11,Mumbai,On-site,none,12,123369,Exciting Software Engineer Intern opportunity at Netflix working on programming projects.,"Strong skills in numpy, ruby, c++ required.",2025-10-30,2025-12-11,6.4,Any,171,True,2025-08-18T01:29:29.345037
INT00030,Microsoft,Tier 1 - Tech Giants,ML Engineer Intern,Data Science,"machine learning, pytorch, scikit-learn, firewall, pandas, excel, wireframing, google cloud",11,Noida,On-site,none,3,143654,Exciting ML Engineer Intern opportunity at Microsoft working on data_science projects.,"Strong skills in machine learning, pytorch, scikit-learn required.",2025-10-25,2025-12-06,7.4,Any,181,True,2025-09-01T01:29:29.345037
INT00031,EY,Tier 3 - Consulting,Data Analyst Intern,Data Science,"powerpoint, numpy, scikit-learn, angular, machine learning",6,Kolkata,On-site,none,3,70257,Exciting Data Analyst Intern opportunity at EY working on data_science projects.,"Strong skills in powerpoint, numpy, scikit-learn required.",2025-10-04,2025-12-01,6.7,Any,183,True,2025-08-22T01:29:29.345037
INT00032,Goldman Sachs,Tier 2 - Finance,Security Analyst Intern,Cybersecurity,"elasticsearch, ethical hacking, scikit-learn, ruby, cryptography, rust, javascript, network security",2,Mumbai,On-site,reserved,3,109429,Exciting Security Analyst Intern opportunity at Goldman Sachs working on cybersecurity projects.,"Strong skills in elasticsearch, ethical hacking, scikit-learn required.",2025-10-16,2025-11-27,7.2,4th Year,175,True,2025-09-03T01:29:29.345037
INT00033,KPMG,Tier 3 - Consulting,Strategy Intern,Business,"powerpoint, swift, project management, flask, flutter, excel, ansible",5,Noida,On-site,none,3,77924,Exciting Strategy Intern opportunity at KPMG working on business projects.,"Strong skills in powerpoint, swift, project management required.",2025-10-20,2025-12-21,7.8,Any,144,True,2025-08-17T01:29:29.345037
INT00034,Flipkart,Tier 2 - Startups,React Developer Intern,Web Development,"node.js, elasticsearch, flask, react, go, wireframing, spring boot",9,Noida,Hybrid,none,6,78353,Exciting React Developer Intern opportunity at Flipkart working on web_development projects.,"Strong skills in node.js, elasticsearch, flask required.",2025-10-05,2025-12-17,6.7,Any,165,True,2025-08-11T01:29:29.345037
INT00035,TCS,Tier 1 - Indian IT,Product Management Intern,Business,"powerpoint, ethical hacking, project management, adobe illustrator, kotlin, power bi, wireframing, google cloud",16,Pune,Hybrid,none,12,39272,Exciting Product Management Intern opportunity at TCS working on business projects.,"Strong skills in powerpoint, ethical hacking, project management required.",2025-11-07,2025-12-02,7.7,3rd Year,156,True,2025-08-25T01:29:29.346036
INT00036,PwC,Tier 3 - Consulting,ML Engineer Intern,Data Science,"numpy, xamarin, pytorch, firewall, pandas, postgresql, machine learning, cassandra",8,Chennai,On-site,rural,6,62304,Exciting ML Engineer Intern opportunity at PwC working on data_science projects.,"Strong skills in numpy, xamarin, pytorch required.",2025-11-08,2025-12-29,7.1,4th Year,178,True,2025-09-06T01:29:29.346036
INT00037,Swiggy,Tier 2 - Startups,Machine Learning Intern,Ai Ml,"vue.js, reinforcement learning, computer vision, jenkins, scikit-learn, neural networks, sap, javascript",9,Pune,Hybrid,none,6,50945,Exciting Machine Learning Intern opportunity at Swiggy working on ai_ml projects.,"Strong skills in vue.js, reinforcement learning, computer vision required.",2025-11-12,2025-12-22,6.9,Final Year,175,True,2025-08-15T01:29:29.346036
INT00038,Goldman Sachs,Tier 2 - Finance,Strategy Intern,Business,"powerpoint, mysql, power bi, excel, tensorflow, machine learning, spring boot",3,Hyderabad,Remote,rural,12,108685,Exciting Strategy Intern opportunity at Goldman Sachs working on business projects.,"Strong skills in powerpoint, mysql, power bi required.",2025-11-14,2025-11-26,6.4,Any,175,True,2025-08-25T01:29:29.346036
INT00039,PhonePe,Tier 2 - Startups,Frontend Developer Intern,Web Development,"vue.js, java, terraform, angular, django, wireframing",5,Chennai,On-site,rural,3,52977,Exciting Frontend Developer Intern opportunity at PhonePe working on web_development projects.,"Strong skills in vue.js, java, terraform required.",2025-10-04,2025-12-20,7.4,4th Year,167,True,2025-08-02T01:29:29.346036
INT00040,Accenture,Tier 3 - Consulting,Business Analyst Intern,Business,"powerpoint, tableau, xamarin, aws, power bi, redis, rust, excel",11,Delhi,On-site,none,3,47476,Exciting Business Analyst Intern opportunity at Accenture working on business projects.,"Strong skills in powerpoint, tableau, xamarin required.",2025-10-26,2025-12-16,7.2,3rd Year,157,True,2025-09-02T01:29:29.346036
INT00041,HCL Technologies,Tier 1 - Indian IT,Software Engineer Intern,Database,"elasticsearch, mysql, scikit-learn, adobe illustrator, computer vision, sap, power bi, postgresql",13,Surat,Remote,reserved,6,44284,Exciting Software Engineer Intern opportunity at HCL Technologies working on database projects.,"Strong skills in elasticsearch, mysql, scikit-learn required.",2025-10-20,2025-12-21,6.1,3rd Year,148,True,2025-08-29T01:29:29.346036
INT00042,Paytm,Tier 2 - Startups,Data Analyst Intern,Data Science,"python, r, pytorch, deep learning, flutter, react",9,Chennai,On-site,none,12,64524,Exciting Data Analyst Intern opportunity at Paytm working on data_science projects.,"Strong skills in python, r, pytorch required.",2025-11-08,2025-12-15,6.1,Final Year,172,True,2025-08-24T01:29:29.347037
INT00043,EY,Tier 3 - Consulting,Strategy Intern,Business,"powerpoint, tableau, project management, flask, scikit-learn, excel",6,Bangalore,On-site,none,3,57408,Exciting Strategy Intern opportunity at EY working on business projects.,"Strong skills in powerpoint, tableau, project management required.",2025-10-05,2025-11-18,7.6,Final Year,183,True,2025-08-14T01:29:29.347037
INT00044,Infosys,Tier 1 - Indian IT,Strategy Intern,Business,"powerpoint, ui/ux design, power bi, photoshop, excel, angular",9,Chennai,Remote,rural,12,39156,Exciting Strategy Intern opportunity at Infosys working on business projects.,"Strong skills in powerpoint, ui/ux design, power bi required.",2025-10-21,2025-12-23,6.1,4th Year,179,True,2025-08-06T01:29:29.347037
INT00045,Microsoft,Tier 1 - Tech Giants,Site Reliability Intern,Cloud Devops,"tableau, xamarin, adobe illustrator, terraform, aws, power bi, docker, azure",12,Pune,On-site,reserved,6,91959,Exciting Site Reliability Intern opportunity at Microsoft working on cloud_devops projects.,"Strong skills in tableau, xamarin, adobe illustrator required.",2025-10-23,2025-12-11,6.6,3rd Year,181,True,2025-09-01T01:29:29.347037
INT00046,Goldman Sachs,Tier 2 - Finance,InfoSec Intern,Cybersecurity,"ethical hacking, vue.js, mysql, firewall, c#, cryptography, aws, network security",7,Mumbai,Remote,none,6,67597,Exciting InfoSec Intern opportunity at Goldman Sachs working on cybersecurity projects.,"Strong skills in ethical hacking, vue.js, mysql required.",2025-11-02,2026-01-06,7.3,Any,175,True,2025-08-16T01:29:29.347037
INT00047,Apple,Tier 1 - Tech Giants,Full Stack Developer Intern,Programming,"ruby, php, pandas, rust, kubernetes, go, express.js, google cloud",12,Surat,On-site,rural,3,143532,Exciting Full Stack Developer Intern opportunity at Apple working on programming projects.,"Strong skills in ruby, php, pandas required.",2025-10-02,2025-12-25,7.6,4th Year,167,True,2025-08-23T01:29:29.347037
INT00048,Google,Tier 1 - Tech Giants,Data Science Intern,Data Science,"react native, numpy, figma, pytorch, jenkins, ui/ux design, machine learning, spring boot",9,Ahmedabad,On-site,rural,6,134459,Exciting Data Science Intern opportunity at Google working on data_science projects.,"Strong skills in react native, numpy, figma required.",2025-10-31,2025-11-30,7.1,Any,155,True,2025-08-30T01:29:29.347037
INT00049,McKinsey,Tier 3 - Consulting,Data Science Intern,Data Science,"python, numpy, pytorch, scikit-learn, kubernetes, photoshop, google cloud",8,Bangalore,On-site,none,12,78465,Exciting Data Science Intern opportunity at McKinsey working on data_science projects.,"Strong skills in python, numpy, pytorch required.",2025-11-12,2025-12-16,6.9,Any,166,True,2025-08-20T01:29:29.347037
INT00050,Goldman Sachs,Tier 2 - Finance,Security Analyst Intern,Cybersecurity,"penetration testing, project management, firewall, neural networks, cryptography, tensorflow",2,Kolkata,On-site,none,12,80852,Exciting Security Analyst Intern opportunity at Goldman Sachs working on cybersecurity projects.,"Strong skills in penetration testing, project management, firewall required.",2025-10-31,2025-12-30,6.8,4th Year,175,True,2025-08-11T01:29:29.348036
INT00051,Amazon,Tier 1 - Tech Giants,Full Stack Developer Intern,Programming,"node.js, java, ios, sketch, rust, go, network security",11,Chennai,Remote,none,3,100232,Exciting Full Stack Developer Intern opportunity at Amazon working on programming projects.,"Strong skills in node.js, java, ios required.",2025-10-31,2026-01-04,6.7,Any,160,True,2025-09-06T01:29:29.348036
INT00052,Goldman Sachs,Tier 2 - Finance,Security Analyst Intern,Cybersecurity,"ethical hacking, pytorch, cryptography, kubernetes, network security",5,Noida,On-site,none,3,108940,Exciting Security Analyst Intern opportunity at Goldman Sachs working on cybersecurity projects.,"Strong skills in ethical hacking, pytorch, cryptography required.",2025-10-28,2025-11-21,7.4,3rd Year,175,True,2025-08-14T01:29:29.348550
INT00053,Tech Mahindra,Tier 1 - Indian IT,Software Engineer Intern,Database,"tableau, mysql, ios, natural language processing, cassandra, oracle, mongodb",12,Bangalore,On-site,female,6,42405,Exciting Software Engineer Intern opportunity at Tech Mahindra working on database projects.,"Strong skills in tableau, mysql, ios required.",2025-11-06,2025-12-28,6.3,3rd Year,171,True,2025-08-03T01:29:29.348550
INT00054,HDFC Bank,Tier 2 - Finance,ML Engineer Intern,Data Science,"penetration testing, java, numpy, deep learning, aws, pandas, network security",6,Ahmedabad,Remote,none,12,104407,Exciting ML Engineer Intern opportunity at HDFC Bank working on data_science projects.,"Strong skills in penetration testing, java, numpy required.",2025-10-11,2025-11-19,7.9,Final Year,143,True,2025-08-02T01:29:29.348550
INT00055,Deloitte,Tier 3 - Consulting,Backend Developer Intern,Programming,"pytorch, computer vision, jenkins, c++, php, c#, django, cassandra",8,Mumbai,On-site,none,12,41437,Exciting Backend Developer Intern opportunity at Deloitte working on programming projects.,"Strong skills in pytorch, computer vision, jenkins required.",2025-10-26,2025-12-02,7.1,3rd Year,168,True,2025-08-04T01:29:29.348550
INT00056,Accenture,Tier 3 - Consulting,Software Engineer Intern,Programming,"node.js, android, ruby, c++, aws, go",4,Pune,On-site,none,6,60246,Exciting Software Engineer Intern opportunity at Accenture working on programming projects.,"Strong skills in node.js, android, ruby required.",2025-10-03,2025-12-22,7.5,3rd Year,157,True,2025-08-24T01:29:29.349562
INT00057,Freshworks,Tier 2 - Startups,AI Research Intern,Ai Ml,"swift, ethical hacking, reinforcement learning, computer vision, jenkins, natural language processing, aws",8,Hyderabad,Hybrid,female,6,42547,Exciting AI Research Intern opportunity at Freshworks working on ai_ml projects.,"Strong skills in swift, ethical hacking, reinforcement learning required.",2025-10-05,2025-11-24,7.7,Any,156,True,2025-08-07T01:29:29.349562
INT00058,Morgan Stanley,Tier 2 - Finance,Backend Developer Intern,Programming,"python, php, natural language processing, c#, network security",6,Pune,Hybrid,none,6,98309,Exciting Backend Developer Intern opportunity at Morgan Stanley working on programming projects.,"Strong skills in python, php, natural language processing required.",2025-11-10,2026-01-14,6.2,4th Year,174,True,2025-08-12T01:29:29.349562
INT00059,Microsoft,Tier 1 - Tech Giants,Site Reliability Intern,Cloud Devops,"project management, flask, jenkins, android, terraform, aws, docker, go",5,Hyderabad,On-site,reserved,6,119893,Exciting Site Reliability Intern opportunity at Microsoft working on cloud_devops projects.,"Strong skills in project management, flask, jenkins required.",2025-10-08,2025-11-21,7.8,4th Year,181,True,2025-08-18T01:29:29.349562
INT00060,EY,Tier 3 - Consulting,Full Stack Developer Intern,Programming,"node.js, ruby, firewall, c#, rust, excel",10,Hyderabad,On-site,reserved,3,58333,Exciting Full Stack Developer Intern opportunity at EY working on programming projects.,"Strong skills in node.js, ruby, firewall required.",2025-11-14,2025-12-08,6.9,4th Year,183,True,2025-08-19T01:29:29.349562
INT00061,TCS,Tier 1 - Indian IT,Full Stack Developer Intern,Database,"vue.js, mysql, network security, docker, machine learning, cassandra, spring boot, mongodb",12,Mumbai,Hybrid,reserved,12,46027,Exciting Full Stack Developer Intern opportunity at TCS working on database projects.,"Strong skills in vue.js, mysql, network security required.",2025-11-08,2025-11-16,7.6,4th Year,156,True,2025-09-03T01:29:29.349562
INT00062,Paytm,Tier 2 - Startups,React Developer Intern,Web Development,"node.js, python, ios, angular, django, mongodb",7,Bangalore,On-site,none,3,44482,Exciting React Developer Intern opportunity at Paytm working on web_development projects.,"Strong skills in node.js, python, ios required.",2025-11-04,2025-12-01,6.2,3rd Year,172,True,2025-09-03T01:29:29.349562
INT00063,Google,Tier 1 - Tech Giants,Cloud Engineer Intern,Cloud Devops,"jenkins, sketch, aws, rust, azure, express.js, excel",6,Pune,On-site,none,6,88330,Exciting Cloud Engineer Intern opportunity at Google working on cloud_devops projects.,"Strong skills in jenkins, sketch, aws required.",2025-10-29,2026-01-03,7.0,3rd Year,155,True,2025-08-14T01:29:29.350559
INT00064,McKinsey,Tier 3 - Consulting,Data Analyst Intern,Data Science,"ethical hacking, pytorch, c++, php, tensorflow, machine learning, network security",10,Gurgaon,Hybrid,reserved,12,67936,Exciting Data Analyst Intern opportunity at McKinsey working on data_science projects.,"Strong skills in ethical hacking, pytorch, c++ required.",2025-10-07,2025-12-16,7.8,3rd Year,166,True,2025-09-06T01:29:29.350559
INT00065,Freshworks,Tier 2 - Startups,Mobile App Developer Intern,Mobile Development,"react native, swift, computer vision, jenkins, ios, sketch, network security",9,Noida,On-site,none,12,41499,Exciting Mobile App Developer Intern opportunity at Freshworks working on mobile_development projects.,"Strong skills in react native, swift, computer vision required.",2025-10-08,2026-01-08,7.3,4th Year,156,True,2025-08-15T01:29:29.350559
INT00066,PwC,Tier 3 - Consulting,ML Engineer Intern,Data Science,"node.js, powerpoint, mysql, numpy, pytorch, aws, excel, tensorflow",9,Delhi,On-site,none,12,50003,Exciting ML Engineer Intern opportunity at PwC working on data_science projects.,"Strong skills in node.js, powerpoint, mysql required.",2025-10-31,2025-11-19,7.7,3rd Year,178,True,2025-08-15T01:29:29.350559
INT00067,TCS,Tier 1 - Indian IT,Software Engineer Intern,Database,"elasticsearch, powerpoint, project management, mysql, cassandra, oracle, spring boot",9,Delhi,On-site,none,12,34425,Exciting Software Engineer Intern opportunity at TCS working on database projects.,"Strong skills in elasticsearch, powerpoint, project management required.",2025-10-20,2025-12-07,7.2,4th Year,156,True,2025-09-02T01:29:29.350559
INT00068,KPMG,Tier 3 - Consulting,Data Science Intern,Data Science,"powerpoint, pytorch, scikit-learn, flask, docker, tensorflow",4,Mumbai,On-site,female,12,79911,Exciting Data Science Intern opportunity at KPMG working on data_science projects.,"Strong skills in powerpoint, pytorch, scikit-learn required.",2025-11-14,2025-12-02,6.4,Final Year,144,True,2025-08-21T01:29:29.351566
INT00069,JP Morgan,Tier 2 - Finance,Software Engineer Intern,Programming,"vue.js, python, c++, sketch, rust, javascript",5,Bangalore,Remote,none,6,84654,Exciting Software Engineer Intern opportunity at JP Morgan working on programming projects.,"Strong skills in vue.js, python, c++ required.",2025-10-30,2025-12-06,6.7,Final Year,172,True,2025-08-06T01:29:29.351566
INT00070,Netflix,Tier 1 - Tech Giants,AI Research Intern,Ai Ml,"computer vision, neural networks, natural language processing, power bi, google cloud",11,Chennai,Hybrid,none,12,143656,Exciting AI Research Intern opportunity at Netflix working on ai_ml projects.,"Strong skills in computer vision, neural networks, natural language processing required.",2025-10-29,2025-12-11,6.4,3rd Year,171,True,2025-08-20T01:29:29.351566
INT00071,Deloitte,Tier 3 - Consulting,Product Management Intern,Business,"tableau, reinforcement learning, scikit-learn, sketch, sap, power bi, go, ansible",4,Hyderabad,On-site,female,3,40503,Exciting Product Management Intern opportunity at Deloitte working on business projects.,"Strong skills in tableau, reinforcement learning, scikit-learn required.",2025-10-20,2026-01-14,7.5,Final Year,168,True,2025-08-24T01:29:29.351566
INT00072,Freshworks,Tier 2 - Startups,Frontend Developer Intern,Web Development,"node.js, express.js, flask, computer vision, wireframing",6,Pune,On-site,none,12,67785,Exciting Frontend Developer Intern opportunity at Freshworks working on web_development projects.,"Strong skills in node.js, express.js, flask required.",2025-11-12,2026-01-05,6.1,3rd Year,156,True,2025-08-15T01:29:29.351566
INT00073,Microsoft,Tier 1 - Tech Giants,Data Science Intern,Data Science,"numpy, javascript, flask, scikit-learn, jenkins, business analysis, excel, tensorflow",10,Gurgaon,On-site,none,12,102527,Exciting Data Science Intern opportunity at Microsoft working on data_science projects.,"Strong skills in numpy, javascript, flask required.",2025-10-30,2026-01-07,7.8,3rd Year,181,True,2025-08-15T01:29:29.351566
INT00074,TCS,Tier 1 - Indian IT,Web Developer Intern,Web Development,"swift, scikit-learn, redis, react, django, ansible, spring boot, mongodb",10,Jaipur,On-site,none,12,41727,Exciting Web Developer Intern opportunity at TCS working on web_development projects.,"Strong skills in swift, scikit-learn, redis required.",2025-10-08,2025-12-18,6.4,Final Year,156,True,2025-08-20T01:29:29.351566
INT00075,HCL Technologies,Tier 1 - Indian IT,Frontend Developer Intern,Web Development,"react native, vue.js, kotlin, react, angular, express.js",16,Noida,On-site,none,12,40202,Exciting Frontend Developer Intern opportunity at HCL Technologies working on web_development projects.,"Strong skills in react native, vue.js, kotlin required.",2025-11-07,2025-12-13,7.8,Final Year,148,True,2025-08-02T01:29:29.352570
INT00076,Freshworks,Tier 2 - Startups,Android Developer Intern,Mobile Development,"photoshop, android, kotlin, php, flutter, docker, cassandra",4,Mumbai,On-site,female,6,55342,Exciting Android Developer Intern opportunity at Freshworks working on mobile_development projects.,"Strong skills in photoshop, android, kotlin required.",2025-10-29,2025-11-17,6.7,Final Year,156,True,2025-09-07T01:29:29.352570
INT00077,Netflix,Tier 1 - Tech Giants,ML Engineer Intern,Data Science,"photoshop, numpy, scikit-learn, cryptography, postgresql, machine learning",7,Pune,On-site,none,6,88109,Exciting ML Engineer Intern opportunity at Netflix working on data_science projects.,"Strong skills in photoshop, numpy, scikit-learn required.",2025-10-07,2026-01-05,8.0,3rd Year,171,True,2025-08-10T01:29:29.352570
INT00078,Cognizant,Tier 1 - Indian IT,Software Engineer Intern,Programming,"ruby, natural language processing, c#, php, kubernetes, oracle",15,Mumbai,On-site,female,6,38394,Exciting Software Engineer Intern opportunity at Cognizant working on programming projects.,"Strong skills in ruby, natural language processing, c# required.",2025-11-13,2025-12-23,7.6,Final Year,174,True,2025-09-07T01:29:29.352570
INT00079,Goldman Sachs,Tier 2 - Finance,Full Stack Developer Intern,Programming,"ios, c#, rust, angular, javascript, mongodb",7,Kolkata,Remote,none,12,80331,Exciting Full Stack Developer Intern opportunity at Goldman Sachs working on programming projects.,"Strong skills in ios, c#, rust required.",2025-11-14,2025-12-27,6.3,3rd Year,175,True,2025-08-23T01:29:29.352570
INT00080,HDFC Bank,Tier 2 - Finance,Business Analyst Intern,Business,"powerpoint, tableau, figma, sap, power bi",7,Hyderabad,Remote,none,6,61194,Exciting Business Analyst Intern opportunity at HDFC Bank working on business projects.,"Strong skills in powerpoint, tableau, figma required.",2025-10-20,2025-11-26,6.7,Any,143,True,2025-08-30T01:29:29.352570
INT00081,Zomato,Tier 2 - Startups,Mobile App Developer Intern,Mobile Development,"react native, xamarin, android, redis, express.js",9,Gurgaon,Remote,none,3,45109,Exciting Mobile App Developer Intern opportunity at Zomato working on mobile_development projects.,"Strong skills in react native, xamarin, android required.",2025-10-12,2026-01-07,7.5,4th Year,172,True,2025-08-14T01:29:29.352570
INT00082,Amazon,Tier 1 - Tech Giants,ML Engineer Intern,Data Science,"numpy, r, pytorch, scikit-learn, sap, tensorflow, wireframing",9,Surat,On-site,none,3,141474,Exciting ML Engineer Intern opportunity at Amazon working on data_science projects.,"Strong skills in numpy, r, pytorch required.",2025-10-24,2025-12-28,8.0,Any,160,True,2025-08-24T01:29:29.353570
INT00083,HDFC Bank,Tier 2 - Finance,Cybersecurity Intern,Cybersecurity,"ethical hacking, penetration testing, firewall, natural language processing",3,Delhi,Hybrid,none,12,106622,Exciting Cybersecurity Intern opportunity at HDFC Bank working on cybersecurity projects.,"Strong skills in ethical hacking, penetration testing, firewall required.",2025-10-08,2025-12-03,7.5,Final Year,143,True,2025-08-14T01:29:29.353570
INT00084,McKinsey,Tier 3 - Consulting,ML Engineer Intern,Data Science,"numpy, r, reinforcement learning, deep learning, c++, rust, excel",9,Hyderabad,On-site,none,6,55451,Exciting ML Engineer Intern opportunity at McKinsey working on data_science projects.,"Strong skills in numpy, r, reinforcement learning required.",2025-10-06,2025-12-08,6.1,3rd Year,166,True,2025-08-21T01:29:29.353570
INT00085,HCL Technologies,Tier 1 - Indian IT,Frontend Developer Intern,Web Development,"node.js, python, sap, cryptography, django, spring boot",10,Bangalore,On-site,none,6,25622,Exciting Frontend Developer Intern opportunity at HCL Technologies working on web_development projects.,"Strong skills in node.js, python, sap required.",2025-10-14,2026-01-07,7.1,Any,148,True,2025-09-04T01:29:29.353570
INT00086,PhonePe,Tier 2 - Startups,Android Developer Intern,Mobile Development,"xamarin, flask, android, ruby, ios, ui/ux design, wireframing, network security",3,Gurgaon,On-site,none,12,76415,Exciting Android Developer Intern opportunity at PhonePe working on mobile_development projects.,"Strong skills in xamarin, flask, android required.",2025-11-06,2025-11-30,6.3,Any,167,True,2025-09-11T01:29:29.353570
INT00087,JP Morgan,Tier 2 - Finance,Data Analyst Intern,Data Science,"pytorch, deep learning, sketch, tensorflow, oracle",3,Jaipur,On-site,none,12,94475,Exciting Data Analyst Intern opportunity at JP Morgan working on data_science projects.,"Strong skills in pytorch, deep learning, sketch required.",2025-11-02,2026-01-04,7.1,Any,172,True,2025-08-12T01:29:29.353570
INT00088,Amazon,Tier 1 - Tech Giants,ML Engineer Intern,Data Science,"elasticsearch, pytorch, scikit-learn, ruby, tensorflow, django, machine learning",10,Pune,On-site,none,3,97486,Exciting ML Engineer Intern opportunity at Amazon working on data_science projects.,"Strong skills in elasticsearch, pytorch, scikit-learn required.",2025-10-23,2025-12-19,7.6,4th Year,160,True,2025-08-13T01:29:29.353570
INT00089,KPMG,Tier 3 - Consulting,Data Science Intern,Data Science,"jenkins, tensorflow, deep learning, numpy",4,Chennai,On-site,none,3,53072,Exciting Data Science Intern opportunity at KPMG working on data_science projects.,"Strong skills in jenkins, tensorflow, deep learning required.",2025-10-21,2026-01-13,7.0,Any,144,True,2025-08-26T01:29:29.354570
INT00090,Amazon,Tier 1 - Tech Giants,Backend Developer Intern,Programming,"tableau, python, natural language processing, rust, go, spring boot, google cloud",11,Ahmedabad,On-site,female,6,137637,Exciting Backend Developer Intern opportunity at Amazon working on programming projects.,"Strong skills in tableau, python, natural language processing required.",2025-10-22,2025-11-26,7.4,Final Year,160,True,2025-08-09T01:29:29.354570
INT00091,Unacademy,Tier 2 - Startups,React Developer Intern,Web Development,"node.js, jenkins, react, postgresql, django, spring boot",4,Ahmedabad,On-site,none,12,56490,Exciting React Developer Intern opportunity at Unacademy working on web_development projects.,"Strong skills in node.js, jenkins, react required.",2025-10-19,2025-12-04,7.2,Any,168,True,2025-09-01T01:29:29.354570
INT00092,PwC,Tier 3 - Consulting,Backend Developer Intern,Programming,"python, business analysis, php, c#, react, docker, go, oracle",6,Ahmedabad,Hybrid,female,3,42040,Exciting Backend Developer Intern opportunity at PwC working on programming projects.,"Strong skills in python, business analysis, php required.",2025-11-08,2025-12-28,6.1,3rd Year,178,True,2025-08-27T01:29:29.354570
INT00093,Morgan Stanley,Tier 2 - Finance,Product Management Intern,Business,"tableau, business analysis, natural language processing, sap, power bi",3,Kolkata,Remote,none,3,97612,Exciting Product Management Intern opportunity at Morgan Stanley working on business projects.,"Strong skills in tableau, business analysis, natural language processing required.",2025-11-03,2025-12-08,6.6,Final Year,174,True,2025-08-27T01:29:29.354570
INT00094,Infosys,Tier 1 - Indian IT,Full Stack Developer Intern,Programming,"numpy, c#, php, sap, kubernetes, azure, javascript, spring boot",16,Delhi,On-site,reserved,3,31559,Exciting Full Stack Developer Intern opportunity at Infosys working on programming projects.,"Strong skills in numpy, c#, php required.",2025-10-09,2026-01-08,6.9,Any,179,True,2025-09-06T01:29:29.354570
INT00095,Freshworks,Tier 2 - Startups,Data Analyst Intern,Data Science,"pytorch, scikit-learn, kotlin, deep learning, terraform, flutter, oracle",6,Ahmedabad,On-site,none,3,42953,Exciting Data Analyst Intern opportunity at Freshworks working on data_science projects.,"Strong skills in pytorch, scikit-learn, kotlin required.",2025-10-09,2025-11-30,6.1,Final Year,156,True,2025-08-13T01:29:29.354570
INT00096,Wipro,Tier 1 - Indian IT,Software Engineer Intern,Programming,"project management, mysql, sketch, c#, rust, react, go, express.js",10,Pune,Hybrid,none,6,39744,Exciting Software Engineer Intern opportunity at Wipro working on programming projects.,"Strong skills in project management, mysql, sketch required.",2025-11-13,2025-12-18,6.3,4th Year,170,True,2025-09-03T01:29:29.354570
INT00097,Deloitte,Tier 3 - Consulting,Business Analyst Intern,Business,"tableau, project management, scikit-learn, flutter, postgresql, excel",9,Hyderabad,Remote,female,6,74006,Exciting Business Analyst Intern opportunity at Deloitte working on business projects.,"Strong skills in tableau, project management, scikit-learn required.",2025-10-06,2025-12-01,7.3,Final Year,168,True,2025-09-03T01:29:29.354570
INT00098,Ola,Tier 2 - Startups,React Developer Intern,Web Development,"swift, vue.js, go, redis, django, spring boot",3,Surat,On-site,none,3,40323,Exciting React Developer Intern opportunity at Ola working on web_development projects.,"Strong skills in swift, vue.js, go required.",2025-11-11,2026-01-03,6.5,4th Year,176,True,2025-08-06T01:29:29.354570
INT00099,Axis Bank,Tier 2 - Finance,Backend Developer Intern,Programming,"ethical hacking, r, ruby, business analysis, c#, terraform, go",9,Ahmedabad,Hybrid,rural,12,64782,Exciting Backend Developer Intern opportunity at Axis Bank working on programming projects.,"Strong skills in ethical hacking, r, ruby required.",2025-10-04,2025-11-25,6.8,Any,164,True,2025-08-29T01:29:29.354570
INT00100,Goldman Sachs,Tier 2 - Finance,ML Engineer Intern,Data Science,"mysql, figma, r, natural language processing, pandas, tensorflow, django, express.js",5,Hyderabad,Remote,reserved,3,90570,Exciting ML Engineer Intern opportunity at Goldman Sachs working on data_science projects.,"Strong skills in mysql, figma, r required.",2025-10-18,2025-12-13,6.3,3rd Year,175,True,2025-08-24T01:29:29.356086
INT00101,HDFC Bank,Tier 2 - Finance,Cybersecurity Intern,Cybersecurity,"ethical hacking, penetration testing, figma, cryptography, ui/ux design, flutter, machine learning",9,Delhi,On-site,none,6,92686,Exciting Cybersecurity Intern opportunity at HDFC Bank working on cybersecurity projects.,"Strong skills in ethical hacking, penetration testing, figma required.",2025-11-01,2025-11-16,7.9,Any,143,True,2025-08-27T01:29:29.356086
INT00102,Paytm,Tier 2 - Startups,Data Science Intern,Data Science,"java, tableau, numpy, kubernetes, pandas, wireframing, django, machine learning",5,Kolkata,Hybrid,none,12,52332,Exciting Data Science Intern opportunity at Paytm working on data_science projects.,"Strong skills in java, tableau, numpy required.",2025-10-24,2026-01-02,6.7,Any,172,True,2025-09-08T01:29:29.356086
INT00103,Flipkart,Tier 2 - Startups,Data Analyst Intern,Data Science,"node.js, numpy, express.js, reinforcement learning, scikit-learn, docker, machine learning, spring boot",8,Bangalore,On-site,none,12,57222,Exciting Data Analyst Intern opportunity at Flipkart working on data_science projects.,"Strong skills in node.js, numpy, express.js required.",2025-10-24,2026-01-02,6.4,Any,165,True,2025-08-10T01:29:29.356086
INT00104,Amazon,Tier 1 - Tech Giants,AI Research Intern,Ai Ml,"react native, figma, reinforcement learning, computer vision, adobe illustrator, android, neural networks, network security",10,Gurgaon,Remote,none,3,121750,Exciting AI Research Intern opportunity at Amazon working on ai_ml projects.,"Strong skills in react native, figma, reinforcement learning required.",2025-10-26,2025-12-24,7.7,Final Year,160,True,2025-08-10T01:29:29.356736
INT00105,McKinsey,Tier 3 - Consulting,Graphic Designer Intern,Design,"figma, adobe illustrator, natural language processing, sketch, mongodb",5,Gurgaon,On-site,none,12,67298,Exciting Graphic Designer Intern opportunity at McKinsey working on design projects.,"Strong skills in figma, adobe illustrator, natural language processing required.",2025-10-20,2026-01-04,7.7,3rd Year,166,True,2025-08-04T01:29:29.356736
INT00106,KPMG,Tier 3 - Consulting,Full Stack Developer Intern,Programming,"swift, python, r, computer vision, c++, ios, sketch, c#",4,Mumbai,Remote,none,12,77523,Exciting Full Stack Developer Intern opportunity at KPMG working on programming projects.,"Strong skills in swift, python, r required.",2025-10-08,2025-11-27,6.9,Any,144,True,2025-09-02T01:29:29.356736
INT00107,Axis Bank,Tier 2 - Finance,ML Engineer Intern,Data Science,"r, pytorch, android, adobe illustrator, tensorflow",5,Jaipur,On-site,none,6,96758,Exciting ML Engineer Intern opportunity at Axis Bank working on data_science projects.,"Strong skills in r, pytorch, android required.",2025-11-12,2025-12-15,6.8,4th Year,164,True,2025-08-13T01:29:29.356736
INT00108,Goldman Sachs,Tier 2 - Finance,Strategy Intern,Business,"r, scikit-learn, sap, terraform, power bi, docker, excel, machine learning",6,Gurgaon,On-site,rural,6,110539,Exciting Strategy Intern opportunity at Goldman Sachs working on business projects.,"Strong skills in r, scikit-learn, sap required.",2025-11-15,2025-11-28,7.4,Final Year,175,True,2025-08-12T01:29:29.356736
INT00109,JP Morgan,Tier 2 - Finance,Product Management Intern,Business,"elasticsearch, tableau, reinforcement learning, jenkins, business analysis, ios, power bi, go",6,Ahmedabad,Remote,none,3,106801,Exciting Product Management Intern opportunity at JP Morgan working on business projects.,"Strong skills in elasticsearch, tableau, reinforcement learning required.",2025-10-23,2026-01-13,7.3,Any,172,True,2025-08-29T01:29:29.356736
INT00110,Flipkart,Tier 2 - Startups,Data Analyst Intern,Data Science,"r, scikit-learn, deep learning, sketch, rust, machine learning",6,Kolkata,Hybrid,none,3,76808,Exciting Data Analyst Intern opportunity at Flipkart working on data_science projects.,"Strong skills in r, scikit-learn, deep learning required.",2025-10-04,2025-11-21,6.7,Any,165,True,2025-09-05T01:29:29.356736
INT00111,Wipro,Tier 1 - Indian IT,Full Stack Developer Intern,Programming,"ethical hacking, deep learning, php, rust, kubernetes, postgresql, javascript, go",10,Gurgaon,On-site,none,12,46374,Exciting Full Stack Developer Intern opportunity at Wipro working on programming projects.,"Strong skills in ethical hacking, deep learning, php required.",2025-10-15,2025-12-19,7.4,3rd Year,170,True,2025-08-31T01:29:29.357755
INT00112,Axis Bank,Tier 2 - Finance,Data Science Intern,Data Science,"java, numpy, r, pytorch, jenkins, c#",6,Pune,On-site,none,12,97221,Exciting Data Science Intern opportunity at Axis Bank working on data_science projects.,"Strong skills in java, numpy, r required.",2025-10-07,2026-01-13,6.6,Any,164,True,2025-09-03T01:29:29.357755
INT00113,McKinsey,Tier 3 - Consulting,Product Designer Intern,Design,"figma, xamarin, aws, ui/ux design, photoshop, network security",4,Noida,On-site,none,6,88274,Exciting Product Designer Intern opportunity at McKinsey working on design projects.,"Strong skills in figma, xamarin, aws required.",2025-10-19,2025-12-21,7.5,4th Year,166,True,2025-08-03T01:29:29.357755
INT00114,ICICI Bank,Tier 2 - Finance,InfoSec Intern,Cybersecurity,"penetration testing, xamarin, android, cryptography, network security",9,Kolkata,On-site,female,3,81207,Exciting InfoSec Intern opportunity at ICICI Bank working on cybersecurity projects.,"Strong skills in penetration testing, xamarin, android required.",2025-10-01,2025-12-01,6.5,Final Year,181,True,2025-08-21T01:29:29.357755
INT00115,Ola,Tier 2 - Startups,Web Developer Intern,Web Development,"penetration testing, flask, angular, express.js, spring boot",7,Gurgaon,Remote,reserved,6,45467,Exciting Web Developer Intern opportunity at Ola working on web_development projects.,"Strong skills in penetration testing, flask, angular required.",2025-11-13,2025-12-17,7.5,3rd Year,176,True,2025-08-02T01:29:29.357755
INT00116,PhonePe,Tier 2 - Startups,Data Analyst Intern,Data Science,"react native, numpy, pytorch, deep learning, natural language processing, cryptography, excel, network security",6,Delhi,On-site,rural,12,51217,Exciting Data Analyst Intern opportunity at PhonePe working on data_science projects.,"Strong skills in react native, numpy, pytorch required.",2025-11-08,2026-01-09,7.1,Final Year,167,True,2025-09-07T01:29:29.357755
INT00117,Infosys,Tier 1 - Indian IT,Full Stack Developer Intern,Programming,"swift, ruby, adobe illustrator, c++, c#, postgresql",16,Surat,On-site,none,12,28808,Exciting Full Stack Developer Intern opportunity at Infosys working on programming projects.,"Strong skills in swift, ruby, adobe illustrator required.",2025-10-14,2025-12-30,7.0,Any,179,True,2025-09-08T01:29:29.357755
INT00118,EY,Tier 3 - Consulting,Data Analyst Intern,Data Science,"penetration testing, numpy, pytorch, scikit-learn, ansible",4,Hyderabad,Remote,none,6,65948,Exciting Data Analyst Intern opportunity at EY working on data_science projects.,"Strong skills in penetration testing, numpy, pytorch required.",2025-10-01,2026-01-01,7.2,3rd Year,183,True,2025-08-15T01:29:29.358754
INT00119,JP Morgan,Tier 2 - Finance,Full Stack Developer Intern,Programming,"java, project management, python, c++, kubernetes",4,Noida,On-site,none,3,110395,Exciting Full Stack Developer Intern opportunity at JP Morgan working on programming projects.,"Strong skills in java, project management, python required.",2025-11-11,2025-12-31,7.9,Final Year,172,True,2025-08-18T01:29:29.358754
INT00120,PwC,Tier 3 - Consulting,Product Designer Intern,Design,"reinforcement learning, kotlin, sketch, ui/ux design, photoshop, wireframing, spring boot",6,Mumbai,On-site,none,3,87700,Exciting Product Designer Intern opportunity at PwC working on design projects.,"Strong skills in reinforcement learning, kotlin, sketch required.",2025-10-01,2026-01-02,8.0,Any,178,True,2025-08-08T01:29:29.358754
INT00121,Deloitte,Tier 3 - Consulting,UI/UX Designer Intern,Design,"figma, flask, adobe illustrator, docker, photoshop, machine learning",4,Mumbai,Hybrid,female,6,83266,Exciting UI/UX Designer Intern opportunity at Deloitte working on design projects.,"Strong skills in figma, flask, adobe illustrator required.",2025-11-09,2026-01-03,6.5,3rd Year,168,True,2025-09-05T01:29:29.358754
INT00122,Amazon,Tier 1 - Tech Giants,Data Analyst Intern,Data Science,"deep learning, business analysis, power bi, tensorflow, machine learning",8,Chennai,On-site,female,3,108477,Exciting Data Analyst Intern opportunity at Amazon working on data_science projects.,"Strong skills in deep learning, business analysis, power bi required.",2025-10-09,2025-12-17,6.5,Final Year,160,True,2025-08-06T01:29:29.358754
INT00123,Freshworks,Tier 2 - Startups,Android Developer Intern,Mobile Development,"swift, project management, kotlin, ios, terraform, docker",3,Noida,Hybrid,none,12,71485,Exciting Android Developer Intern opportunity at Freshworks working on mobile_development projects.,"Strong skills in swift, project management, kotlin required.",2025-10-12,2025-12-25,6.9,Any,156,True,2025-09-08T01:29:29.358754
INT00124,JP Morgan,Tier 2 - Finance,InfoSec Intern,Cybersecurity,"ethical hacking, penetration testing, xamarin, computer vision, cryptography, terraform",9,Gurgaon,Hybrid,none,3,75792,Exciting InfoSec Intern opportunity at JP Morgan working on cybersecurity projects.,"Strong skills in ethical hacking, penetration testing, xamarin required.",2025-10-20,2026-01-08,6.3,Any,172,True,2025-09-08T01:29:29.358754
INT00125,Axis Bank,Tier 2 - Finance,InfoSec Intern,Cybersecurity,"ethical hacking, penetration testing, firewall, aws, pandas, mongodb",3,Gurgaon,Hybrid,female,6,89477,Exciting InfoSec Intern opportunity at Axis Bank working on cybersecurity projects.,"Strong skills in ethical hacking, penetration testing, firewall required.",2025-10-06,2025-12-19,7.7,3rd Year,164,True,2025-08-25T01:29:29.358754
INT00126,HDFC Bank,Tier 2 - Finance,Software Engineer Intern,Programming,"java, ruby, c++, php, terraform, mongodb",5,Ahmedabad,On-site,none,12,72453,Exciting Software Engineer Intern opportunity at HDFC Bank working on programming projects.,"Strong skills in java, ruby, c++ required.",2025-10-08,2026-01-01,7.8,4th Year,143,True,2025-08-17T01:29:29.359756
INT00127,Swiggy,Tier 2 - Startups,ML Engineer Intern,Data Science,"numpy, figma, pytorch, scikit-learn, oracle, azure, ansible",10,Pune,On-site,reserved,3,65540,Exciting ML Engineer Intern opportunity at Swiggy working on data_science projects.,"Strong skills in numpy, figma, pytorch required.",2025-10-31,2026-01-02,7.8,Final Year,175,True,2025-08-22T01:29:29.359756
INT00128,Axis Bank,Tier 2 - Finance,Full Stack Developer Intern,Programming,"react native, python, jenkins, c++, deep learning, excel, javascript",7,Hyderabad,On-site,none,6,75074,Exciting Full Stack Developer Intern opportunity at Axis Bank working on programming projects.,"Strong skills in react native, python, jenkins required.",2025-11-06,2026-01-07,7.0,Final Year,164,True,2025-08-26T01:29:29.359756
INT00129,Accenture,Tier 3 - Consulting,Product Designer Intern,Design,"figma, xamarin, firewall, php, photoshop, wireframing",4,Mumbai,Remote,female,12,44871,Exciting Product Designer Intern opportunity at Accenture working on design projects.,"Strong skills in figma, xamarin, firewall required.",2025-10-04,2026-01-02,6.8,4th Year,157,True,2025-09-07T01:29:29.359756
INT00130,HCL Technologies,Tier 1 - Indian IT,Software Engineer Intern,Programming,"ethical hacking, ruby, firewall, php, javascript",9,Mumbai,On-site,none,12,25216,Exciting Software Engineer Intern opportunity at HCL Technologies working on programming projects.,"Strong skills in ethical hacking, ruby, firewall required.",2025-11-05,2025-12-11,6.0,Final Year,148,True,2025-08-08T01:29:29.359756
INT00131,PhonePe,Tier 2 - Startups,React Developer Intern,Web Development,"node.js, sketch, angular, express.js, spring boot",5,Chennai,Hybrid,none,3,50792,Exciting React Developer Intern opportunity at PhonePe working on web_development projects.,"Strong skills in node.js, sketch, angular required.",2025-11-09,2025-12-18,7.6,Final Year,167,True,2025-08-17T01:29:29.359756
INT00132,Netflix,Tier 1 - Tech Giants,DevOps Engineer Intern,Cloud Devops,"ansible, c#, terraform, kubernetes, azure, angular",6,Ahmedabad,On-site,none,6,133120,Exciting DevOps Engineer Intern opportunity at Netflix working on cloud_devops projects.,"Strong skills in ansible, c#, terraform required.",2025-10-25,2025-12-20,6.1,3rd Year,171,True,2025-09-01T01:29:29.359756
INT00133,Netflix,Tier 1 - Tech Giants,ML Engineer Intern,Data Science,"scikit-learn, tensorflow, machine learning, numpy",12,Chennai,Remote,reserved,3,115532,Exciting ML Engineer Intern opportunity at Netflix working on data_science projects.,"Strong skills in scikit-learn, tensorflow, machine learning required.",2025-10-05,2025-12-28,7.8,3rd Year,171,True,2025-08-31T01:29:29.360839
INT00134,Freshworks,Tier 2 - Startups,Frontend Developer Intern,Web Development,"vue.js, flask, pytorch, neural networks, terraform, react, flutter, spring boot",8,Gurgaon,Remote,none,12,60155,Exciting Frontend Developer Intern opportunity at Freshworks working on web_development projects.,"Strong skills in vue.js, flask, pytorch required.",2025-10-09,2026-01-04,7.4,Final Year,156,True,2025-09-08T01:29:29.360839
INT00135,TCS,Tier 1 - Indian IT,Business Analyst Intern,Business,"firewall, business analysis, c++, sap, postgresql, excel, google cloud",12,Bangalore,On-site,none,12,36659,Exciting Business Analyst Intern opportunity at TCS working on business projects.,"Strong skills in firewall, business analysis, c++ required.",2025-10-25,2025-12-12,7.4,Any,156,True,2025-09-06T01:29:29.360839
INT00136,PhonePe,Tier 2 - Startups,iOS Developer Intern,Mobile Development,"react native, xamarin, android, computer vision, neural networks",8,Chennai,Hybrid,reserved,3,58638,Exciting iOS Developer Intern opportunity at PhonePe working on mobile_development projects.,"Strong skills in react native, xamarin, android required.",2025-10-06,2025-11-15,6.9,Final Year,167,True,2025-09-05T01:29:29.360839
INT00137,Wipro,Tier 1 - Indian IT,Software Engineer Intern,Programming,"vue.js, c++, c#, php, rust, postgresql, django, cassandra",15,Delhi,Hybrid,reserved,6,25404,Exciting Software Engineer Intern opportunity at Wipro working on programming projects.,"Strong skills in vue.js, c++, c# required.",2025-10-27,2025-12-09,7.4,4th Year,170,True,2025-08-06T01:29:29.360839
INT00138,Tech Mahindra,Tier 1 - Indian IT,Business Analyst Intern,Business,"swift, project management, ruby, ios, ui/ux design, power bi, excel",15,Delhi,On-site,none,6,34042,Exciting Business Analyst Intern opportunity at Tech Mahindra working on business projects.,"Strong skills in swift, project management, ruby required.",2025-10-20,2025-12-15,6.7,4th Year,171,True,2025-08-02T01:29:29.360839
INT00139,Accenture,Tier 3 - Consulting,ML Engineer Intern,Data Science,"r, reinforcement learning, deep learning, pandas, mongodb",10,Noida,Remote,rural,6,61596,Exciting ML Engineer Intern opportunity at Accenture working on data_science projects.,"Strong skills in r, reinforcement learning, deep learning required.",2025-10-22,2025-12-12,7.9,4th Year,157,True,2025-08-23T01:29:29.361839
INT00140,Freshworks,Tier 2 - Startups,Android Developer Intern,Mobile Development,"react native, r, jenkins, firewall, ios, flutter, postgresql",9,Surat,Remote,rural,6,53369,Exciting Android Developer Intern opportunity at Freshworks working on mobile_development projects.,"Strong skills in react native, r, jenkins required.",2025-10-24,2025-11-22,6.4,4th Year,156,True,2025-08-07T01:29:29.361839
INT00141,Microsoft,Tier 1 - Tech Giants,Data Analyst Intern,Data Science,"project management, numpy, r, ui/ux design, pandas",7,Bangalore,On-site,reserved,3,119692,Exciting Data Analyst Intern opportunity at Microsoft working on data_science projects.,"Strong skills in project management, numpy, r required.",2025-10-17,2025-12-27,7.4,Any,181,True,2025-09-07T01:29:29.361839
INT00142,PwC,Tier 3 - Consulting,Graphic Designer Intern,Design,"adobe illustrator, wireframing, oracle, sketch",5,Pune,On-site,none,3,47167,Exciting Graphic Designer Intern opportunity at PwC working on design projects.,"Strong skills in adobe illustrator, wireframing, oracle required.",2025-11-12,2025-12-27,6.3,3rd Year,178,True,2025-08-06T01:29:29.361839
INT00143,ICICI Bank,Tier 2 - Finance,Product Management Intern,Business,"figma, scikit-learn, adobe illustrator, business analysis, sap, power bi",7,Gurgaon,On-site,none,6,85633,Exciting Product Management Intern opportunity at ICICI Bank working on business projects.,"Strong skills in figma, scikit-learn, adobe illustrator required.",2025-11-13,2025-12-22,7.0,Final Year,181,True,2025-09-10T01:29:29.361839
INT00144,KPMG,Tier 3 - Consulting,Product Management Intern,Business,"powerpoint, elasticsearch, business analysis, power bi, redis, ansible",11,Ahmedabad,On-site,none,12,53557,Exciting Product Management Intern opportunity at KPMG working on business projects.,"Strong skills in powerpoint, elasticsearch, business analysis required.",2025-10-31,2025-12-07,6.2,Any,144,True,2025-08-22T01:29:29.361839
INT00145,Meta,Tier 1 - Tech Giants,Cloud Engineer Intern,Cloud Devops,"swift, r, aws, azure, google cloud",7,Ahmedabad,On-site,none,6,100989,Exciting Cloud Engineer Intern opportunity at Meta working on cloud_devops projects.,"Strong skills in swift, r, aws required.",2025-11-05,2025-12-12,6.5,Any,143,True,2025-08-02T01:29:29.361839
INT00146,Cognizant,Tier 1 - Indian IT,React Developer Intern,Web Development,"node.js, powerpoint, neural networks, sap, react, spring boot",9,Gurgaon,On-site,none,3,48092,Exciting React Developer Intern opportunity at Cognizant working on web_development projects.,"Strong skills in node.js, powerpoint, neural networks required.",2025-10-14,2025-12-02,7.6,3rd Year,174,True,2025-08-06T01:29:29.361839
INT00147,TCS,Tier 1 - Indian IT,Web Developer Intern,Web Development,"node.js, flask, azure, firewall, angular",14,Surat,On-site,reserved,6,44561,Exciting Web Developer Intern opportunity at TCS working on web_development projects.,"Strong skills in node.js, flask, azure required.",2025-11-09,2025-12-10,6.2,Final Year,156,True,2025-08-13T01:29:29.362839
INT00148,Cognizant,Tier 1 - Indian IT,Full Stack Developer Intern,Database,"elasticsearch, mysql, pytorch, flask, postgresql, ansible, spring boot",11,Kolkata,On-site,none,12,37232,Exciting Full Stack Developer Intern opportunity at Cognizant working on database projects.,"Strong skills in elasticsearch, mysql, pytorch required.",2025-10-10,2025-12-17,6.8,4th Year,174,True,2025-08-06T01:29:29.362839
INT00149,HDFC Bank,Tier 2 - Finance,Cybersecurity Intern,Cybersecurity,"ethical hacking, penetration testing, android, firewall, cryptography, kubernetes",4,Pune,On-site,rural,6,80616,Exciting Cybersecurity Intern opportunity at HDFC Bank working on cybersecurity projects.,"Strong skills in ethical hacking, penetration testing, android required.",2025-11-09,2025-11-18,7.9,Any,143,True,2025-09-03T01:29:29.362839
INT00150,Flipkart,Tier 2 - Startups,Deep Learning Intern,Ai Ml,"swift, reinforcement learning, computer vision, firewall, c++, neural networks, power bi, angular",6,Jaipur,On-site,none,3,54142,Exciting Deep Learning Intern opportunity at Flipkart working on ai_ml projects.,"Strong skills in swift, reinforcement learning, computer vision required.",2025-10-18,2025-11-29,6.6,Any,165,True,2025-08-06T01:29:29.362839
INT00151,Accenture,Tier 3 - Consulting,Strategy Intern,Business,"powerpoint, tableau, numpy, business analysis, power bi, excel, go",5,Mumbai,On-site,none,12,88233,Exciting Strategy Intern opportunity at Accenture working on business projects.,"Strong skills in powerpoint, tableau, numpy required.",2025-10-16,2025-12-04,6.9,Final Year,157,True,2025-09-06T01:29:29.362839
INT00152,PwC,Tier 3 - Consulting,Business Analyst Intern,Business,"powerpoint, swift, tableau, project management, android, power bi, pandas",7,Chennai,Remote,none,12,43890,Exciting Business Analyst Intern opportunity at PwC working on business projects.,"Strong skills in powerpoint, swift, tableau required.",2025-10-23,2025-12-19,7.2,4th Year,178,True,2025-08-22T01:29:29.362839
INT00153,PhonePe,Tier 2 - Startups,Data Analyst Intern,Data Science,"project management, r, pytorch, scikit-learn, android",3,Bangalore,Hybrid,rural,12,53174,Exciting Data Analyst Intern opportunity at PhonePe working on data_science projects.,"Strong skills in project management, r, pytorch required.",2025-10-09,2025-12-29,6.5,Final Year,167,True,2025-08-27T01:29:29.362839
INT00154,ICICI Bank,Tier 2 - Finance,Cybersecurity Intern,Cybersecurity,"ethical hacking, vue.js, computer vision, firewall, business analysis, sap, cryptography, react",6,Ahmedabad,On-site,none,6,105528,Exciting Cybersecurity Intern opportunity at ICICI Bank working on cybersecurity projects.,"Strong skills in ethical hacking, vue.js, computer vision required.",2025-10-30,2026-01-14,6.7,3rd Year,181,True,2025-09-06T01:29:29.363839
INT00155,EY,Tier 3 - Consulting,Software Engineer Intern,Programming,"java, numpy, ruby, ui/ux design, rust, kubernetes, postgresql, google cloud",9,Ahmedabad,On-site,rural,12,75868,Exciting Software Engineer Intern opportunity at EY working on programming projects.,"Strong skills in java, numpy, ruby required.",2025-10-09,2025-12-21,7.6,3rd Year,183,True,2025-09-09T01:29:29.363839
INT00156,TCS,Tier 1 - Indian IT,Business Analyst Intern,Business,"powerpoint, project management, python, deep learning, business analysis, terraform, express.js",11,Chennai,On-site,none,3,33979,Exciting Business Analyst Intern opportunity at TCS working on business projects.,"Strong skills in powerpoint, project management, python required.",2025-11-11,2025-12-08,6.2,4th Year,156,True,2025-09-08T01:29:29.363839
INT00157,ICICI Bank,Tier 2 - Finance,Strategy Intern,Business,"powerpoint, node.js, python, project management, power bi",5,Hyderabad,Hybrid,none,3,91248,Exciting Strategy Intern opportunity at ICICI Bank working on business projects.,"Strong skills in powerpoint, node.js, python required.",2025-10-09,2025-12-22,7.0,Any,181,True,2025-09-11T01:29:29.363839
INT00158,Google,Tier 1 - Tech Giants,Cloud Engineer Intern,Cloud Devops,"vue.js, jenkins, neural networks, terraform, react, azure, tensorflow, django",6,Kolkata,Remote,reserved,6,121071,Exciting Cloud Engineer Intern opportunity at Google working on cloud_devops projects.,"Strong skills in vue.js, jenkins, neural networks required.",2025-10-20,2025-11-23,7.5,4th Year,155,True,2025-09-02T01:29:29.364861
INT00159,Meta,Tier 1 - Tech Giants,Deep Learning Intern,Ai Ml,"react native, project management, reinforcement learning, computer vision, neural networks, power bi",8,Delhi,On-site,none,3,91362,Exciting Deep Learning Intern opportunity at Meta working on ai_ml projects.,"Strong skills in react native, project management, reinforcement learning required.",2025-10-09,2026-01-02,7.2,Any,143,True,2025-08-20T01:29:29.364861
INT00160,Deloitte,Tier 3 - Consulting,Software Engineer Intern,Programming,"r, c++, c#, kubernetes, go",4,Surat,On-site,none,6,83149,Exciting Software Engineer Intern opportunity at Deloitte working on programming projects.,"Strong skills in r, c++, c# required.",2025-10-14,2025-12-18,7.0,Any,168,True,2025-08-24T01:29:29.364861
INT00161,Apple,Tier 1 - Tech Giants,Backend Developer Intern,Programming,"java, mysql, sketch, php, react, rust, oracle",7,Jaipur,Remote,none,12,130703,Exciting Backend Developer Intern opportunity at Apple working on programming projects.,"Strong skills in java, mysql, sketch required.",2025-10-27,2025-12-08,7.4,Any,167,True,2025-09-07T01:29:29.365380
INT00162,Microsoft,Tier 1 - Tech Giants,AI Research Intern,Ai Ml,"reinforcement learning, photoshop, neural networks, natural language processing",9,Kolkata,On-site,none,6,145673,Exciting AI Research Intern opportunity at Microsoft working on ai_ml projects.,"Strong skills in reinforcement learning, photoshop, neural networks required.",2025-10-28,2025-12-29,6.2,4th Year,181,True,2025-08-25T01:29:29.365380
INT00163,Netflix,Tier 1 - Tech Giants,Cloud Engineer Intern,Cloud Devops,"tableau, reinforcement learning, ruby, terraform, docker, azure, ansible",8,Kolkata,Remote,female,3,87589,Exciting Cloud Engineer Intern opportunity at Netflix working on cloud_devops projects.,"Strong skills in tableau, reinforcement learning, ruby required.",2025-10-06,2026-01-13,6.2,3rd Year,171,True,2025-08-23T01:29:29.365380
INT00164,Cognizant,Tier 1 - Indian IT,Software Engineer Intern,Programming,"elasticsearch, swift, java, python, adobe illustrator, natural language processing, azure, javascript",11,Mumbai,Remote,none,6,49568,Exciting Software Engineer Intern opportunity at Cognizant working on programming projects.,"Strong skills in elasticsearch, swift, java required.",2025-10-08,2026-01-03,6.7,Any,174,True,2025-08-25T01:29:29.365380
INT00165,Meta,Tier 1 - Tech Giants,Site Reliability Intern,Cloud Devops,"swift, php, natural language processing, terraform, ui/ux design, docker, azure",7,Gurgaon,On-site,none,3,113438,Exciting Site Reliability Intern opportunity at Meta working on cloud_devops projects.,"Strong skills in swift, php, natural language processing required.",2025-11-06,2025-12-28,6.2,3rd Year,143,True,2025-09-09T01:29:29.365380
INT00166,Google,Tier 1 - Tech Giants,Software Engineer Intern,Programming,"kotlin, c++, c#, php, excel, go",8,Gurgaon,Remote,none,3,122179,Exciting Software Engineer Intern opportunity at Google working on programming projects.,"Strong skills in kotlin, c++, c# required.",2025-10-27,2026-01-12,6.6,3rd Year,155,True,2025-08-06T01:29:29.365380
INT00167,Morgan Stanley,Tier 2 - Finance,Full Stack Developer Intern,Programming,"java, python, ruby, business analysis, javascript",9,Delhi,On-site,none,6,116756,Exciting Full Stack Developer Intern opportunity at Morgan Stanley working on programming projects.,"Strong skills in java, python, ruby required.",2025-10-20,2025-12-05,7.1,3rd Year,174,True,2025-08-19T01:29:29.365380
INT00168,Flipkart,Tier 2 - Startups,Data Analyst Intern,Data Science,"penetration testing, r, scikit-learn, natural language processing, ui/ux design, tensorflow",6,Kolkata,On-site,none,3,70819,Exciting Data Analyst Intern opportunity at Flipkart working on data_science projects.,"Strong skills in penetration testing, r, scikit-learn required.",2025-10-10,2025-11-15,6.0,Final Year,165,True,2025-08-02T01:29:29.366400
INT00169,Google,Tier 1 - Tech Giants,Cloud Engineer Intern,Cloud Devops,"pytorch, jenkins, sketch, terraform, pandas, django, ansible",11,Chennai,Remote,reserved,3,144491,Exciting Cloud Engineer Intern opportunity at Google working on cloud_devops projects.,"Strong skills in pytorch, jenkins, sketch required.",2025-10-10,2025-12-30,6.2,4th Year,155,True,2025-08-09T01:29:29.366400
INT00170,Axis Bank,Tier 2 - Finance,Product Management Intern,Business,"tableau, android, business analysis, power bi, photoshop",8,Kolkata,On-site,none,12,64904,Exciting Product Management Intern opportunity at Axis Bank working on business projects.,"Strong skills in tableau, android, business analysis required.",2025-11-06,2025-11-18,7.3,4th Year,164,True,2025-08-27T01:29:29.366400
INT00171,PhonePe,Tier 2 - Startups,ML Engineer Intern,Data Science,"mysql, r, pytorch, sap, tensorflow, google cloud",4,Bangalore,On-site,none,3,48284,Exciting ML Engineer Intern opportunity at PhonePe working on data_science projects.,"Strong skills in mysql, r, pytorch required.",2025-11-07,2025-11-21,6.2,Any,167,True,2025-08-13T01:29:29.366400
INT00172,Freshworks,Tier 2 - Startups,AI Research Intern,Ai Ml,"penetration testing, vue.js, computer vision, neural networks, natural language processing, azure, spring boot",5,Surat,On-site,none,6,79961,Exciting AI Research Intern opportunity at Freshworks working on ai_ml projects.,"Strong skills in penetration testing, vue.js, computer vision required.",2025-11-15,2025-12-29,6.1,Final Year,156,True,2025-09-02T01:29:29.366400
INT00173,Netflix,Tier 1 - Tech Giants,Backend Developer Intern,Programming,"python, kotlin, c++, business analysis, rust, azure, go",12,Bangalore,Remote,none,3,112748,Exciting Backend Developer Intern opportunity at Netflix working on programming projects.,"Strong skills in python, kotlin, c++ required.",2025-10-30,2025-11-21,6.2,3rd Year,171,True,2025-08-28T01:29:29.366400
INT00174,Wipro,Tier 1 - Indian IT,Web Developer Intern,Web Development,"flask, react, azure, express.js, spring boot",9,Bangalore,On-site,none,3,27112,Exciting Web Developer Intern opportunity at Wipro working on web_development projects.,"Strong skills in flask, react, azure required.",2025-11-11,2025-12-13,6.2,Final Year,170,True,2025-09-04T01:29:29.366400
INT00175,Amazon,Tier 1 - Tech Giants,Data Science Intern,Data Science,"powerpoint, numpy, scikit-learn, computer vision, kotlin, c++, ui/ux design, pandas",10,Ahmedabad,Remote,none,3,108143,Exciting Data Science Intern opportunity at Amazon working on data_science projects.,"Strong skills in powerpoint, numpy, scikit-learn required.",2025-10-18,2025-12-02,7.8,3rd Year,160,True,2025-08-03T01:29:29.367400
INT00176,Swiggy,Tier 2 - Startups,ML Engineer Intern,Data Science,"vue.js, numpy, pytorch, scikit-learn, docker",9,Jaipur,Hybrid,none,6,43993,Exciting ML Engineer Intern opportunity at Swiggy working on data_science projects.,"Strong skills in vue.js, numpy, pytorch required.",2025-10-13,2025-12-26,6.5,3rd Year,175,True,2025-08-18T01:29:29.367400
INT00177,JP Morgan,Tier 2 - Finance,InfoSec Intern,Cybersecurity,"ethical hacking, xamarin, firewall, c++, neural networks, cryptography, google cloud",7,Chennai,On-site,none,3,99132,Exciting InfoSec Intern opportunity at JP Morgan working on cybersecurity projects.,"Strong skills in ethical hacking, xamarin, firewall required.",2025-10-02,2026-01-11,6.1,Any,172,True,2025-08-09T01:29:29.367400
INT00178,JP Morgan,Tier 2 - Finance,Data Science Intern,Data Science,"r, deep learning, php, tensorflow, wireframing, google cloud",5,Bangalore,Remote,none,6,97728,Exciting Data Science Intern opportunity at JP Morgan working on data_science projects.,"Strong skills in r, deep learning, php required.",2025-10-23,2026-01-13,6.4,Final Year,172,True,2025-08-20T01:29:29.367400
INT00179,Microsoft,Tier 1 - Tech Giants,Site Reliability Intern,Cloud Devops,"vue.js, kotlin, firewall, c#, kubernetes, azure, ansible, google cloud",5,Jaipur,On-site,none,12,110490,Exciting Site Reliability Intern opportunity at Microsoft working on cloud_devops projects.,"Strong skills in vue.js, kotlin, firewall required.",2025-10-15,2025-11-16,7.0,Final Year,181,True,2025-08-03T01:29:29.367400
INT00180,Flipkart,Tier 2 - Startups,Android Developer Intern,Mobile Development,"react native, javascript, kotlin, ios",5,Pune,On-site,female,12,42269,Exciting Android Developer Intern opportunity at Flipkart working on mobile_development projects.,"Strong skills in react native, javascript, kotlin required.",2025-10-24,2025-11-19,7.4,Any,165,True,2025-08-05T01:29:29.367400
INT00181,TCS,Tier 1 - Indian IT,Backend Developer Intern,Database,"mysql, scikit-learn, firewall, kotlin, postgresql, cassandra, mongodb",11,Bangalore,Remote,none,6,37398,Exciting Backend Developer Intern opportunity at TCS working on database projects.,"Strong skills in mysql, scikit-learn, firewall required.",2025-11-14,2025-12-03,6.4,3rd Year,156,True,2025-08-06T01:29:29.368400
INT00182,ICICI Bank,Tier 2 - Finance,Software Engineer Intern,Programming,"ruby, c++, ios, ui/ux design, go",7,Pune,On-site,none,3,108846,Exciting Software Engineer Intern opportunity at ICICI Bank working on programming projects.,"Strong skills in ruby, c++, ios required.",2025-10-16,2025-12-07,6.3,3rd Year,181,True,2025-08-02T01:29:29.368400
INT00183,Goldman Sachs,Tier 2 - Finance,Cybersecurity Intern,Cybersecurity,"elasticsearch, penetration testing, cryptography, aws, network security",3,Ahmedabad,On-site,female,3,107213,Exciting Cybersecurity Intern opportunity at Goldman Sachs working on cybersecurity projects.,"Strong skills in elasticsearch, penetration testing, cryptography required.",2025-10-04,2025-12-09,7.5,4th Year,175,True,2025-08-16T01:29:29.368400
INT00184,Accenture,Tier 3 - Consulting,Product Designer Intern,Design,"scikit-learn, adobe illustrator, sketch, sap, c#, ui/ux design, flutter, react",8,Delhi,Hybrid,female,6,41315,Exciting Product Designer Intern opportunity at Accenture working on design projects.,"Strong skills in scikit-learn, adobe illustrator, sketch required.",2025-10-17,2026-01-14,6.1,4th Year,157,True,2025-08-18T01:29:29.368400
INT00185,Tech Mahindra,Tier 1 - Indian IT,Full Stack Developer Intern,Programming,"swift, java, tableau, c++, c#, flutter, rust, go",10,Gurgaon,On-site,none,3,35849,Exciting Full Stack Developer Intern opportunity at Tech Mahindra working on programming projects.,"Strong skills in swift, java, tableau required.",2025-10-13,2025-12-11,7.1,Final Year,171,True,2025-08-24T01:29:29.368400
INT00186,Ola,Tier 2 - Startups,Mobile App Developer Intern,Mobile Development,"swift, react native, powerpoint, python, android, flutter, rust, oracle",4,Ahmedabad,On-site,none,12,54303,Exciting Mobile App Developer Intern opportunity at Ola working on mobile_development projects.,"Strong skills in swift, react native, powerpoint required.",2025-11-10,2025-12-23,6.4,3rd Year,176,True,2025-08-29T01:29:29.368400
INT00187,Tech Mahindra,Tier 1 - Indian IT,Software Engineer Intern,Database,"vue.js, mysql, firewall, neural networks, cryptography, redis, azure, mongodb",11,Ahmedabad,Remote,none,6,37157,Exciting Software Engineer Intern opportunity at Tech Mahindra working on database projects.,"Strong skills in vue.js, mysql, firewall required.",2025-10-24,2025-11-26,6.1,Any,171,True,2025-08-13T01:29:29.368400
INT00188,BYJU'S,Tier 2 - Startups,Android Developer Intern,Mobile Development,"swift, elasticsearch, android, ios, angular",9,Kolkata,On-site,none,3,73648,Exciting Android Developer Intern opportunity at BYJU'S working on mobile_development projects.,"Strong skills in swift, elasticsearch, android required.",2025-11-05,2025-11-18,7.6,Any,176,True,2025-08-08T01:29:29.369400
INT00189,KPMG,Tier 3 - Consulting,ML Engineer Intern,Data Science,"numpy, scikit-learn, adobe illustrator, photoshop, machine learning",6,Bangalore,On-site,reserved,6,47882,Exciting ML Engineer Intern opportunity at KPMG working on data_science projects.,"Strong skills in numpy, scikit-learn, adobe illustrator required.",2025-10-12,2026-01-14,7.9,4th Year,144,True,2025-09-03T01:29:29.369400
INT00190,Amazon,Tier 1 - Tech Giants,Data Science Intern,Data Science,"mysql, pytorch, ruby, deep learning, azure, tensorflow",6,Pune,On-site,reserved,12,130868,Exciting Data Science Intern opportunity at Amazon working on data_science projects.,"Strong skills in mysql, pytorch, ruby required.",2025-10-26,2025-12-20,7.7,Any,160,True,2025-09-11T01:29:29.369400
INT00191,Axis Bank,Tier 2 - Finance,Backend Developer Intern,Programming,"node.js, ruby, c#, javascript, django",6,Kolkata,Remote,none,12,116850,Exciting Backend Developer Intern opportunity at Axis Bank working on programming projects.,"Strong skills in node.js, ruby, c# required.",2025-10-23,2026-01-10,6.5,Any,164,True,2025-08-06T01:29:29.369400
INT00192,KPMG,Tier 3 - Consulting,Business Analyst Intern,Business,"powerpoint, project management, reinforcement learning, pytorch, c#, rust, excel, mongodb",11,Chennai,Hybrid,none,6,57601,Exciting Business Analyst Intern opportunity at KPMG working on business projects.,"Strong skills in powerpoint, project management, reinforcement learning required.",2025-10-02,2025-12-06,6.6,Any,144,True,2025-09-05T01:29:29.369400
INT00193,Zomato,Tier 2 - Startups,Android Developer Intern,Mobile Development,"react native, vue.js, kotlin, flutter, power bi, excel, machine learning",6,Jaipur,Hybrid,rural,12,61684,Exciting Android Developer Intern opportunity at Zomato working on mobile_development projects.,"Strong skills in react native, vue.js, kotlin required.",2025-11-01,2026-01-02,7.7,3rd Year,172,True,2025-08-10T01:29:29.369400
INT00194,Tech Mahindra,Tier 1 - Indian IT,Backend Developer Intern,Programming,"java, ruby, kotlin, rust, machine learning",12,Mumbai,On-site,none,3,26888,Exciting Backend Developer Intern opportunity at Tech Mahindra working on programming projects.,"Strong skills in java, ruby, kotlin required.",2025-10-03,2025-12-14,7.8,4th Year,171,True,2025-08-25T01:29:29.369400
INT00195,Morgan Stanley,Tier 2 - Finance,InfoSec Intern,Cybersecurity,"ethical hacking, pytorch, natural language processing, cryptography, network security",9,Ahmedabad,Hybrid,rural,6,98931,Exciting InfoSec Intern opportunity at Morgan Stanley working on cybersecurity projects.,"Strong skills in ethical hacking, pytorch, natural language processing required.",2025-10-12,2026-01-09,7.2,Final Year,174,True,2025-08-20T01:29:29.370399
INT00196,Tech Mahindra,Tier 1 - Indian IT,Full Stack Developer Intern,Database,"mysql, c++, neural networks, cassandra, rust, flutter, oracle",12,Hyderabad,On-site,female,12,32253,Exciting Full Stack Developer Intern opportunity at Tech Mahindra working on database projects.,"Strong skills in mysql, c++, neural networks required.",2025-10-15,2025-12-28,6.5,Any,171,True,2025-08-10T01:29:29.370399
INT00197,Microsoft,Tier 1 - Tech Giants,Machine Learning Intern,Ai Ml,"computer vision, scikit-learn, neural networks, natural language processing, aws",9,Pune,Remote,none,6,116094,Exciting Machine Learning Intern opportunity at Microsoft working on ai_ml projects.,"Strong skills in computer vision, scikit-learn, neural networks required.",2025-10-25,2026-01-08,6.9,4th Year,181,True,2025-08-13T01:29:29.370399
INT00198,Ola,Tier 2 - Startups,Deep Learning Intern,Ai Ml,"ethical hacking, reinforcement learning, computer vision, ruby, natural language processing, terraform, django",8,Chennai,Hybrid,none,12,53119,Exciting Deep Learning Intern opportunity at Ola working on ai_ml projects.,"Strong skills in ethical hacking, reinforcement learning, computer vision required.",2025-10-21,2026-01-09,6.5,Final Year,176,True,2025-08-30T01:29:29.370399
INT00199,HCL Technologies,Tier 1 - Indian IT,Frontend Developer Intern,Web Development,"vue.js, flask, jenkins, c++, ui/ux design, spring boot",13,Mumbai,On-site,reserved,6,38715,Exciting Frontend Developer Intern opportunity at HCL Technologies working on web_development projects.,"Strong skills in vue.js, flask, jenkins required.",2025-10-25,2026-01-01,7.2,4th Year,148,True,2025-08-21T01:29:29.370399
INT00200,Zomato,Tier 2 - Startups,Deep Learning Intern,Ai Ml,"node.js, xamarin, reinforcement learning, computer vision, jenkins, neural networks",10,Jaipur,Remote,rural,12,43384,Exciting Deep Learning Intern opportunity at Zomato working on ai_ml projects.,"Strong skills in node.js, xamarin, reinforcement learning required.",2025-10-17,2025-12-31,7.5,4th Year,172,True,2025-08-21T01:29:29.370399
